{"stats":{"minecraft:killed_by":{"minecraft:zombie_villager":1},"minecraft:custom":{"minecraft:jump":31,"minecraft:time_since_rest":388,"enigmaticlegacy:play_time_with_seven_curses":15296,"minecraft:leave_game":1,"minecraft:sprint_one_cm":1368,"minecraft:deaths":1,"minecraft:walk_one_cm":4982,"minecraft:play_time":1209,"minecraft:damage_taken":1046,"minecraft:time_since_death":510,"minecraft:damage_absorbed":40,"enigmaticlegacy:play_time_without_seven_curses":1712664,"minecraft:total_world_time":1209,"minecraft:fall_one_cm":1176,"minecraft:fly_one_cm":8153}},"DataVersion":3465}